train_step,avg_return_0,avg_return_1,avg_return_2,avg_return_3,avg_return_4,avg_of_avg_returns
2,9.2,12.4,9.0,19.4,22.0,14.4
4,23.2,10.0,9.2,15.5,9.2,13.420000000000002
6,29.3,10.1,8.9,13.1,9.7,14.219999999999999
8,42.2,9.7,9.4,25.9,9.4,19.32
10,45.4,10.8,9.8,62.2,9.3,27.5
12,38.1,9.4,9.6,102.1,9.4,33.72
14,39.5,9.8,12.0,61.9,9.5,26.54
16,45.9,9.3,12.1,56.7,9.8,26.76
18,45.0,9.5,10.2,51.2,9.3,25.04
20,42.9,9.6,10.5,50.4,9.3,24.54
22,54.2,9.3,9.3,56.2,9.3,27.660000000000004
24,60.5,9.4,9.5,59.6,9.6,29.72
26,46.9,9.3,9.4,65.6,9.6,28.159999999999997
28,50.1,9.2,9.4,73.5,9.4,30.32
30,59.6,9.3,10.0,79.4,9.5,33.56
32,57.8,9.3,9.5,93.4,9.3,35.86
34,66.7,9.6,9.5,105.9,46.0,47.54
36,67.3,9.5,9.1,115.0,102.3,60.64
38,61.4,9.2,9.2,99.1,124.9,60.75999999999999
40,63.6,9.5,9.4,84.8,110.5,55.56
42,61.1,9.7,10.1,107.2,101.1,57.839999999999996
44,62.3,48.9,48.7,123.5,70.4,70.75999999999999
46,78.3,59.5,42.1,112.9,77.6,74.08
48,80.7,108.7,69.8,100.6,105.3,93.02
50,93.3,92.0,96.4,95.4,121.5,99.72
52,71.7,97.6,79.9,80.5,102.3,86.4
54,72.3,124.4,95.2,79.7,105.2,95.35999999999999
56,84.9,109.3,86.9,78.8,112.6,94.5
58,101.6,102.9,93.9,117.4,94.7,102.1
60,87.6,111.3,86.3,104.4,102.0,98.32000000000001
62,105.1,117.0,85.6,76.0,101.5,97.03999999999999
64,113.8,154.6,101.8,56.1,115.5,108.35999999999999
66,109.8,108.5,101.9,55.7,110.8,97.34
68,85.1,123.2,96.1,52.9,80.5,87.55999999999999
70,79.0,119.7,70.9,46.5,108.6,84.94000000000001
72,61.7,119.9,77.5,60.4,159.7,95.84
74,65.2,83.5,117.3,60.1,154.5,96.12
76,70.4,95.6,123.1,70.1,146.5,101.14000000000001
78,82.6,74.6,94.6,90.2,164.3,101.26
80,63.0,76.1,117.5,78.1,135.4,94.02000000000001
82,54.6,93.8,71.4,69.7,114.4,80.78
84,84.9,80.8,128.6,62.0,69.2,85.1
86,89.4,84.2,98.0,69.9,62.4,80.78
88,63.3,118.7,108.7,57.7,51.3,79.94
90,72.8,129.1,121.1,60.3,41.9,85.03999999999999
92,108.8,138.5,141.9,61.8,45.2,99.24000000000001
94,72.8,132.6,107.8,60.4,44.4,83.6
96,93.2,141.7,120.3,53.7,59.2,93.61999999999999
98,91.9,151.9,104.6,67.5,59.6,95.1
100,101.4,111.9,125.2,71.8,71.9,96.44000000000001
